variable,count,mean,std,min,25%,50%,75%,max,original
dummy1,1000.0,-0.00010099836285126947,0.01013025759198427,-0.0282073961225557,-0.007307436199072425,-0.00020534399655495,0.006403579309567951,0.0353766790509055,-0.0068232856797358
dummy2,1000.0,-0.00026024193764319527,0.009904004959430546,-0.0282926519510979,-0.00679347966225655,1.4001174911015823e-05,0.005746791233761375,0.033363910278588,0.0030200289741415
x1,1000.0,0.056853502029553464,3.1963219618225187,-7.963445456643132,-2.090343304562475,0.0322716377500305,2.0212165453571407,28.20427849023813,28.20427849023813
x2,1000.0,0.35969491293666694,8.138766318964459,-24.48647765371503,-5.19944066840933,0.41883285795223757,5.784574483539396,75.05080477818235,75.05080477818235
x3,1000.0,-0.10693344492373602,1.9044785513747993,-5.558217364883368,-1.375911737394678,-0.0629078155525846,1.0624954192204192,17.754028557785126,17.754028557785126
